model,context_factor,image_id,annotation_id,crop_left,crop_top,crop_right,crop_bottom,crop_width,crop_height,target_width_at_1280,target_height_at_1280,target_predictions_in_crop,target_prediction_max_score,same_class_matched_iou_0_50,best_same_iou,best_same_score,best_any_iou,best_any_score,best_any_category
repeat4_1280,8.0,5173,25352,1724,795,2109,1180,385,385,83.11688311688312,103.06493506493507,0,,False,0.0,,0.01730151316046208,0.11456359922885895,swimmer
repeat4_1280,8.0,5174,25363,1728,1030,2112,1414,384,384,86.66666666666667,106.66666666666667,0,,False,0.0,,0.030446560586940973,0.00142438686452806,swimmer
repeat4_1280,8.0,5175,25374,1730,1079,2115,1463,385,384,89.76623376623377,113.03896103896105,0,,False,0.0,,0.022642937377532063,0.0010523259406909347,swimmer
repeat4_1280,8.0,5176,25385,1735,1078,2119,1463,384,385,93.0909090909091,116.36363636363637,0,,False,0.0,,0.05318589238960064,0.003953095059841871,swimmer
repeat4_1280,8.0,5177,25396,1738,1078,2122,1463,384,385,93.0909090909091,116.36363636363637,0,,False,0.0,,0.04400813252615495,0.0018154296558350325,swimmer
repeat4_1280,8.0,5178,25408,1742,1078,2126,1463,384,385,93.0909090909091,116.36363636363637,0,,False,0.0,,0.023188499286740546,0.0024202505592256784,boat
repeat4_1280,8.0,5179,25420,1747,1076,2131,1461,384,385,93.0909090909091,116.36363636363637,0,,False,0.0,,0.03968424255598247,0.010748883709311485,swimmer
repeat4_1280,8.0,5180,25432,1751,1076,2135,1461,384,385,93.0909090909091,116.36363636363637,0,,False,0.0,,0.05324235834441185,0.009786306880414486,swimmer
repeat4_1280,8.0,5181,25444,1755,1146,2139,1531,384,385,93.0909090909091,116.36363636363637,0,,False,0.0,,0.04159843319473903,0.007862376980483532,swimmer
repeat4_1280,8.0,5182,25456,1757,1259,2142,1644,385,385,96.41558441558442,116.36363636363637,0,,False,0.0,,0.022649551641945122,0.002679667668417096,swimmer
repeat4_1280,8.0,5183,25468,1759,1370,2143,1755,384,385,99.74025974025975,123.01298701298703,0,,False,0.0,,0.04213023113173897,0.00467519648373127,swimmer
repeat4_1280,8.0,5184,25480,1762,1483,2146,1869,384,386,99.48186528497409,122.69430051813471,0,,False,0.0,,0.06588655670156573,0.0020404604729264975,swimmer
repeat4_1280,8.0,5185,25491,1764,1573,2149,1964,385,391,101.48337595907928,127.67263427109974,0,,False,0.0,,0.0787361272441428,0.0024088257923722267,swimmer
repeat4_1280,8.0,5186,25501,1766,1665,2150,2055,384,390,105.02564102564102,128.0,0,,False,0.0,,0.06636363003878257,0.023603783920407295,swimmer
repeat4_1280,8.0,5187,25511,1770,1731,2154,2123,384,392,104.48979591836735,130.6122448979592,0,,False,0.0,,0.029338420012651977,0.005490550305694342,boat
repeat4_1280,8.0,5188,25521,1773,1731,2158,2124,385,393,107.48091603053435,130.27989821882952,0,,False,0.0,,0.07680402377150808,0.0038327951915562153,swimmer
repeat4_1280,8.0,5189,25531,1777,1730,2162,2123,385,393,107.48091603053435,133.53689567430024,0,,False,0.0,,0.15734737305278998,0.0011294659925624728,swimmer
repeat4_1280,8.0,5190,25541,1780,1729,2165,2120,385,391,108.0306905370844,130.9462915601023,0,,False,0.0,,0.34176001144964674,0.0011174961691722274,swimmer
repeat4_1280,8.0,5191,25551,1784,1729,2169,2122,385,393,94.45292620865139,120.5089058524173,0,,False,0.0,,0.023091724739673317,0.0017875961493700743,boat
repeat4_1280,8.0,5192,25561,1786,1728,2171,2122,385,394,94.21319796954315,120.20304568527919,0,,False,0.0,,0.024350677136185106,0.016842545941472054,boat
repeat4_1280,8.0,5193,25571,1789,1726,2174,2121,385,395,93.9746835443038,119.89873417721519,0,,False,0.0,,0.05206501572022185,0.008764584548771381,swimmer
repeat4_1280,8.0,5194,25581,1791,1727,2176,2120,385,393,94.45292620865139,120.5089058524173,0,,False,0.0,,0.05000441508337009,0.002252353122457862,swimmer
repeat4_1280,8.0,5195,25591,1794,1727,2179,2118,385,391,94.93606138107417,121.12531969309462,0,,False,0.0,,0.02563742305513664,0.16616526246070862,boat
repeat4_1280,8.0,5196,25601,1797,1722,2182,2115,385,393,94.45292620865139,120.5089058524173,0,,False,0.0,,0.045118672603448075,0.0018622874049469829,swimmer
repeat4_1280,8.0,5197,25611,1800,1716,2185,2112,385,396,93.73737373737373,119.5959595959596,0,,False,0.0,,0.4646833274419743,0.001025775563903153,swimmer
repeat4_1280,8.0,5198,25621,1805,1716,2190,2110,385,394,94.21319796954315,120.20304568527919,0,,False,0.0,,0.024831052104291026,0.03153231739997864,boat
repeat4_1280,8.0,5199,25631,1809,1718,2194,2109,385,391,94.93606138107417,121.12531969309462,0,,False,0.0,,0.05140915364817274,0.0016942739021033049,swimmer
repeat4_1280,8.0,5200,25641,1812,1715,2197,2107,385,392,94.6938775510204,120.81632653061224,0,,False,0.0,,0.12451320274811034,0.0014838940696790814,swimmer
repeat4_1280,8.0,5201,25651,1814,1711,2199,2106,385,395,93.9746835443038,119.89873417721519,0,,False,0.0,,0.058712822694877514,0.003958406392484903,swimmer
repeat4_1280,8.0,5202,25661,1816,1710,2201,2103,385,393,94.45292620865139,120.5089058524173,0,,False,0.0,,0.046374257573341085,0.0022427751682698727,swimmer
repeat4_1280,8.0,5203,25671,1818,1707,2203,2099,385,392,94.6938775510204,120.81632653061224,0,,False,0.0,,0.02502456419289315,0.02667045406997204,swimmer
repeat4_1280,8.0,5204,25681,1822,1702,2207,2095,385,393,94.45292620865139,120.5089058524173,0,,False,0.0,,0.05070497154942108,0.0050404928624629974,swimmer
repeat4_1280,8.0,5205,25691,1827,1699,2212,2093,385,394,94.21319796954315,120.20304568527919,0,,False,0.0,,0.05178912078648855,0.0025868581142276525,swimmer
repeat4_1280,8.0,5206,25701,1833,1639,2298,2071,465,432,79.82795698924731,101.8494623655914,0,,False,0.0,,0.039674472684896274,0.0016922404756769538,boat
repeat4_1280,8.0,5207,25713,1836,1472,2291,1884,455,412,78.76923076923077,98.46153846153847,0,,False,0.0,,0.4045988113187733,0.0013709096238017082,swimmer
repeat4_1280,8.0,5208,25725,1836,1301,2268,1696,432,395,77.03703703703704,100.74074074074073,0,,False,0.0,,0.02258734377325229,0.0031476980075240135,swimmer
repeat4_1280,8.0,5209,25737,1837,1228,2257,1613,420,385,79.23809523809524,100.57142857142857,0,,False,0.0,,0.017926304301379266,0.0018285982077941298,boat
repeat4_1280,8.0,5210,25749,1838,1222,2241,1606,403,384,79.4044665012407,101.6377171215881,0,,False,0.0,,0.016021743736737263,0.013637489639222622,boat
repeat4_1280,8.0,5211,25761,1827,1220,2213,1604,386,384,82.90155440414507,106.11398963730569,0,,False,0.0,,0.03705898484647297,0.0019520694622769952,swimmer
repeat4_1280,8.0,5212,25773,1830,1219,2215,1603,385,384,83.11688311688312,106.3896103896104,0,,False,0.0,,0.5426089683893952,0.0012357113882899284,swimmer
repeat4_1280,8.0,5213,25785,1834,1217,2219,1601,385,384,83.11688311688312,106.3896103896104,0,,False,0.0,,0.02108445981831088,0.0021530413068830967,boat
repeat4_1280,8.0,5214,25797,1812,1217,2196,1602,384,385,79.79220779220779,103.06493506493507,0,,False,0.0,,0.031363269365699005,0.0019138621864840388,swimmer
repeat4_1280,8.0,5215,25809,1620,1223,2004,1607,384,384,80.0,100.0,0,,False,0.0,,0.016256479308691354,0.008053697645664215,swimmer
repeat4_1280,8.0,5216,25821,1465,1234,1850,1619,385,385,83.11688311688312,103.06493506493507,0,,False,0.0,,0.0232875192294732,0.0014745297376066446,boat
repeat4_1280,8.0,5217,25833,1469,1228,1854,1613,385,385,83.11688311688312,103.06493506493507,0,,False,0.0,,0.023398094255961926,0.004824004136025906,swimmer
repeat4_1280,8.0,5218,25845,1474,1222,1859,1607,385,385,83.11688311688312,103.06493506493507,0,,False,0.0,,0.0292900190237765,0.0029180452693253756,swimmer
repeat4_1280,8.0,5219,25857,1499,1218,1884,1603,385,385,83.11688311688312,103.06493506493507,0,,False,0.0,,0.026417243445320773,0.02650366723537445,swimmer
repeat4_1280,8.0,5220,25869,1574,1219,1959,1604,385,385,83.11688311688312,103.06493506493507,0,,False,0.0,,0.0325130207422683,0.0023161747958511114,swimmer
repeat4_1280,8.0,5221,25881,1692,1218,2077,1603,385,385,83.11688311688312,103.06493506493507,0,,False,0.0,,0.04338120045343214,0.004450899548828602,swimmer
repeat4_1280,8.0,5222,25893,1781,1214,2166,1598,385,384,83.11688311688312,106.3896103896104,0,,False,0.0,,0.023535799342678444,0.05461036413908005,swimmer
repeat4_1280,8.0,5223,25905,1922,1202,2307,1586,385,384,83.11688311688312,106.3896103896104,0,,False,0.0,,0.358853688758208,0.001396621111780405,swimmer
repeat4_1280,8.0,5224,25917,2094,1180,2478,1565,384,385,79.79220779220779,103.06493506493507,0,,False,0.0,,0.24072495733858465,0.0020277085714042187,swimmer
repeat4_1280,8.0,5225,25929,2244,1139,2629,1523,385,384,83.11688311688312,106.3896103896104,0,,False,0.0,,0.2920551521230957,0.001688541378825903,swimmer
repeat4_1280,8.0,5226,25941,2258,1053,2643,1437,385,384,83.11688311688312,106.3896103896104,0,,False,0.0,,0.3422713620919967,0.006136410403996706,swimmer
repeat4_1280,8.0,5227,25955,2317,960,2701,1345,384,385,79.79220779220779,103.06493506493507,0,,False,0.0,,0.36685805546933825,0.0018914666725322604,swimmer
repeat4_1280,8.0,5228,25969,2392,858,2777,1243,385,385,76.46753246753248,96.41558441558442,0,,False,0.0,,0.3593910228222179,0.0020661847665905952,swimmer
repeat4_1280,8.0,5229,25983,2485,752,2869,1136,384,384,73.33333333333334,93.33333333333334,0,,False,0.0,,0.3588791029327902,0.01299671083688736,swimmer
repeat4_1280,8.0,5230,25997,2585,591,2981,1030,396,439,64.14578587699317,78.7243735763098,0,,False,0.0,,0.3638540929030725,0.004029311705380678,swimmer
repeat4_1280,8.0,5231,26011,2690,516,3275,1030,585,514,45.948717948717956,56.88888888888889,0,,False,0.0,,0.3473483012103524,0.004854467697441578,swimmer
repeat4_1280,8.0,5232,26023,2792,440,3383,914,591,474,43.31641285956007,54.145516074450086,0,,False,0.0,,0.2904258893862424,0.005238652694970369,swimmer
repeat4_1280,8.0,5233,26035,2824,345,3418,786,594,441,53.87205387205387,47.407407407407405,0,,False,0.0,,0.3218597984435933,0.0020965083967894316,swimmer
repeat4_1280,8.0,5234,26045,2726,221,3313,620,587,399,50.15332197614991,43.61158432708688,0,,False,0.0,,0.29242736408802733,0.0027137307915836573,swimmer
repeat4_1280,8.0,5235,26055,2583,105,2969,489,386,384,72.95336787564766,59.689119170984455,0,,False,0.0,,0.2318110910423757,0.0015290318988263607,swimmer
repeat4_1280,8.0,5236,26064,2400,52,2785,436,385,384,69.81818181818183,59.84415584415585,0,,False,0.0,,0.1928897136623319,0.010074567049741745,swimmer
repeat4_1280,12.0,5173,25352,1724,795,2109,1180,385,385,83.11688311688312,103.06493506493507,0,,False,0.0,,0.01730151316046208,0.11456359922885895,swimmer
repeat4_1280,12.0,5174,25363,1728,1030,2112,1414,384,384,86.66666666666667,106.66666666666667,0,,False,0.0,,0.030446560586940973,0.00142438686452806,swimmer
repeat4_1280,12.0,5175,25374,1718,1067,2127,1475,409,408,84.49877750611248,106.40586797066015,0,,False,0.0,,0.02287921034950902,0.0010228489991277456,swimmer
repeat4_1280,12.0,5176,25385,1717,1060,2137,1481,420,421,85.13064133016627,106.41330166270784,0,,False,0.0,,0.017636637116988152,0.005374672822654247,swimmer
repeat4_1280,12.0,5177,25396,1720,1060,2140,1481,420,421,85.13064133016627,106.41330166270784,0,,False,0.0,,0.022829164434198416,0.27547335624694824,boat
repeat4_1280,12.0,5178,25408,1724,1060,2144,1481,420,421,85.13064133016627,106.41330166270784,0,,False,0.0,,0.02339628746223754,0.0011802060762420297,swimmer
repeat4_1280,12.0,5179,25420,1729,1058,2149,1479,420,421,85.13064133016627,106.41330166270784,0,,False,0.0,,0.5027120711533732,0.0013465604279190302,swimmer
repeat4_1280,12.0,5180,25432,1733,1058,2153,1479,420,421,85.13064133016627,106.41330166270784,0,,False,0.0,,0.5502274516351119,0.001151818549260497,swimmer
repeat4_1280,12.0,5181,25444,1737,1128,2157,1549,420,421,85.13064133016627,106.41330166270784,0,,False,0.0,,0.031759510765697614,0.0038082855753600597,swimmer
repeat4_1280,12.0,5182,25456,1739,1241,2160,1662,421,421,88.1710213776722,106.41330166270784,0,,False,0.0,,0.025215720092646547,0.003985140006989241,boat
repeat4_1280,12.0,5183,25468,1729,1340,2173,1785,444,445,86.29213483146067,106.42696629213484,0,,False,0.0,,0.39838104289096105,0.0015830931952223182,swimmer
repeat4_1280,12.0,5184,25480,1732,1454,2176,1899,444,445,86.29213483146067,106.42696629213484,0,,False,0.0,,0.04259836989532163,0.0012372201308608055,boat
repeat4_1280,12.0,5185,25491,1722,1537,2191,2006,469,469,84.60554371002132,106.43923240938166,0,,False,0.0,,0.040024732229316476,0.004948514048010111,swimmer
repeat4_1280,12.0,5186,25501,1724,1628,2192,2097,468,469,87.33475479744136,106.43923240938166,0,,False,0.0,,0.29433196061805067,0.0018126829527318478,boat
repeat4_1280,12.0,5187,25511,1722,1680,2202,2160,480,480,85.33333333333333,106.66666666666666,0,,False,0.0,,0.035479167059479136,0.002496718429028988,boat
repeat4_1280,12.0,5188,25521,1725,1680,2206,2160,481,480,87.81704781704782,106.44490644490645,0,,False,0.0,,0.5330833001864834,0.0012005851604044437,swimmer
repeat4_1280,12.0,5189,25531,1723,1668,2216,2160,493,492,85.67951318458418,106.45030425963489,0,,False,0.0,,0.03662145778135864,0.008278136141598225,swimmer
repeat4_1280,12.0,5190,25541,1732,1680,2213,2160,481,480,87.81704781704782,106.44490644490645,0,,False,0.0,,0.04140856146684807,0.0016738725826144218,swimmer
repeat4_1280,12.0,5191,25551,1754,1707,2199,2152,445,445,83.41573033707866,106.42696629213484,0,,False,0.0,,0.05167139528888063,0.0011812638258561492,swimmer
repeat4_1280,12.0,5192,25561,1756,1707,2201,2152,445,445,83.41573033707866,106.42696629213484,0,,False,0.0,,0.04301018813718109,0.00140744773671031,boat
repeat4_1280,12.0,5193,25571,1759,1706,2204,2151,445,445,83.41573033707866,106.42696629213484,0,,False,0.0,,0.040665595407029756,0.006172709167003632,boat
repeat4_1280,12.0,5194,25581,1761,1705,2206,2150,445,445,83.41573033707866,106.42696629213484,0,,False,0.0,,0.53528591792337,0.0010331504745408893,swimmer
repeat4_1280,12.0,5195,25591,1764,1703,2209,2148,445,445,83.41573033707866,106.42696629213484,0,,False,0.0,,0.5099511587465891,0.0020018580835312605,swimmer
repeat4_1280,12.0,5196,25601,1767,1700,2212,2145,445,445,83.41573033707866,106.42696629213484,0,,False,0.0,,0.030572147188095637,0.0011346234241500497,swimmer
repeat4_1280,12.0,5197,25611,1770,1697,2215,2142,445,445,83.41573033707866,106.42696629213484,0,,False,0.0,,0.22574650321275572,0.0052811335772275925,boat
repeat4_1280,12.0,5198,25621,1775,1695,2220,2140,445,445,83.41573033707866,106.42696629213484,0,,False,0.0,,0.5082050331446794,0.0011461355024948716,swimmer
repeat4_1280,12.0,5199,25631,1779,1694,2224,2139,445,445,83.41573033707866,106.42696629213484,0,,False,0.0,,0.03554640353391564,0.0023181491997092962,boat
repeat4_1280,12.0,5200,25641,1782,1692,2227,2137,445,445,83.41573033707866,106.42696629213484,0,,False,0.0,,0.5580628461864988,0.0013763647293671966,swimmer
repeat4_1280,12.0,5201,25651,1784,1691,2229,2136,445,445,83.41573033707866,106.42696629213484,0,,False,0.0,,0.05366925522387605,0.0037466823123395443,swimmer
repeat4_1280,12.0,5202,25661,1786,1688,2231,2133,445,445,83.41573033707866,106.42696629213484,0,,False,0.0,,0.03190477518819187,0.001422324450686574,boat
repeat4_1280,12.0,5203,25671,1788,1684,2233,2129,445,445,83.41573033707866,106.42696629213484,0,,False,0.0,,0.5722081391800469,0.0014880422968417406,swimmer
repeat4_1280,12.0,5204,25681,1792,1680,2237,2125,445,445,83.41573033707866,106.42696629213484,0,,False,0.0,,0.02869690881758555,0.0018187352688983083,swimmer
repeat4_1280,12.0,5205,25691,1797,1653,2309,2123,512,470,72.5,92.5,0,,False,0.0,,0.7016355139913434,0.002849867334589362,swimmer
repeat4_1280,12.0,5206,25701,1803,1639,2298,2101,495,462,74.98989898989899,95.67676767676768,0,,False,0.0,,0.4087404075376491,0.0021711138542741537,swimmer
repeat4_1280,12.0,5207,25713,1818,1472,2291,1902,473,430,75.77167019027485,94.71458773784356,0,,False,0.0,,0.022047697806648184,0.007590827997773886,swimmer
repeat4_1280,12.0,5208,25725,1824,1300,2268,1708,444,408,74.95495495495496,98.01801801801801,0,,False,0.0,,0.35182162819546847,0.003339651506394148,swimmer
repeat4_1280,12.0,5209,25737,1831,1222,2257,1619,426,397,78.12206572769952,99.15492957746478,0,,False,0.0,,0.6162465662919331,0.0016733951633796096,swimmer
repeat4_1280,12.0,5210,25749,1838,1222,2241,1606,403,384,79.4044665012407,101.6377171215881,0,,False,0.0,,0.016021743736737263,0.013637489639222622,boat
repeat4_1280,12.0,5211,25761,1827,1220,2213,1604,386,384,82.90155440414507,106.11398963730569,0,,False,0.0,,0.03705898484647297,0.0019520694622769952,swimmer
repeat4_1280,12.0,5212,25773,1830,1219,2215,1603,385,384,83.11688311688312,106.3896103896104,0,,False,0.0,,0.5426089683893952,0.0012357113882899284,swimmer
repeat4_1280,12.0,5213,25785,1834,1217,2219,1601,385,384,83.11688311688312,106.3896103896104,0,,False,0.0,,0.02108445981831088,0.0021530413068830967,boat
repeat4_1280,12.0,5214,25797,1812,1217,2196,1602,384,385,79.79220779220779,103.06493506493507,0,,False,0.0,,0.031363269365699005,0.0019138621864840388,swimmer
repeat4_1280,12.0,5215,25809,1620,1223,2004,1607,384,384,80.0,100.0,0,,False,0.0,,0.016256479308691354,0.008053697645664215,swimmer
repeat4_1280,12.0,5216,25821,1465,1234,1850,1619,385,385,83.11688311688312,103.06493506493507,0,,False,0.0,,0.0232875192294732,0.0014745297376066446,boat
repeat4_1280,12.0,5217,25833,1469,1228,1854,1613,385,385,83.11688311688312,103.06493506493507,0,,False,0.0,,0.023398094255961926,0.004824004136025906,swimmer
repeat4_1280,12.0,5218,25845,1474,1222,1859,1607,385,385,83.11688311688312,103.06493506493507,0,,False,0.0,,0.0292900190237765,0.0029180452693253756,swimmer
repeat4_1280,12.0,5219,25857,1499,1218,1884,1603,385,385,83.11688311688312,103.06493506493507,0,,False,0.0,,0.026417243445320773,0.02650366723537445,swimmer
repeat4_1280,12.0,5220,25869,1574,1219,1959,1604,385,385,83.11688311688312,103.06493506493507,0,,False,0.0,,0.0325130207422683,0.0023161747958511114,swimmer
repeat4_1280,12.0,5221,25881,1692,1218,2077,1603,385,385,83.11688311688312,103.06493506493507,0,,False,0.0,,0.04338120045343214,0.004450899548828602,swimmer
repeat4_1280,12.0,5222,25893,1781,1214,2166,1598,385,384,83.11688311688312,106.3896103896104,0,,False,0.0,,0.023535799342678444,0.05461036413908005,swimmer
repeat4_1280,12.0,5223,25905,1922,1202,2307,1586,385,384,83.11688311688312,106.3896103896104,0,,False,0.0,,0.358853688758208,0.001396621111780405,swimmer
repeat4_1280,12.0,5224,25917,2094,1180,2478,1565,384,385,79.79220779220779,103.06493506493507,0,,False,0.0,,0.24072495733858465,0.0020277085714042187,swimmer
repeat4_1280,12.0,5225,25929,2244,1139,2629,1523,385,384,83.11688311688312,106.3896103896104,0,,False,0.0,,0.2920551521230957,0.001688541378825903,swimmer
repeat4_1280,12.0,5226,25941,2258,1053,2643,1437,385,384,83.11688311688312,106.3896103896104,0,,False,0.0,,0.3422713620919967,0.006136410403996706,swimmer
repeat4_1280,12.0,5227,25955,2317,960,2701,1345,384,385,79.79220779220779,103.06493506493507,0,,False,0.0,,0.36685805546933825,0.0018914666725322604,swimmer
repeat4_1280,12.0,5228,25969,2392,858,2777,1243,385,385,76.46753246753248,96.41558441558442,0,,False,0.0,,0.3593910228222179,0.0020661847665905952,swimmer
repeat4_1280,12.0,5229,25983,2485,752,2869,1136,384,384,73.33333333333334,93.33333333333334,0,,False,0.0,,0.3588791029327902,0.01299671083688736,swimmer
repeat4_1280,12.0,5230,25997,2585,591,2981,1030,396,439,64.14578587699317,78.7243735763098,0,,False,0.0,,0.3638540929030725,0.004029311705380678,swimmer
repeat4_1280,12.0,5231,26011,2690,516,3275,1030,585,514,45.948717948717956,56.88888888888889,0,,False,0.0,,0.3473483012103524,0.004854467697441578,swimmer
repeat4_1280,12.0,5232,26023,2792,440,3383,914,591,474,43.31641285956007,54.145516074450086,0,,False,0.0,,0.2904258893862424,0.005238652694970369,swimmer
repeat4_1280,12.0,5233,26035,2824,345,3418,786,594,441,53.87205387205387,47.407407407407405,0,,False,0.0,,0.3218597984435933,0.0020965083967894316,swimmer
repeat4_1280,12.0,5234,26045,2726,221,3313,620,587,399,50.15332197614991,43.61158432708688,0,,False,0.0,,0.29242736408802733,0.0027137307915836573,swimmer
repeat4_1280,12.0,5235,26055,2583,105,2969,489,386,384,72.95336787564766,59.689119170984455,0,,False,0.0,,0.2318110910423757,0.0015290318988263607,swimmer
repeat4_1280,12.0,5236,26064,2400,52,2785,436,385,384,69.81818181818183,59.84415584415585,0,,False,0.0,,0.1928897136623319,0.010074567049741745,swimmer
repeat4_1280,16.0,5173,25352,1668,739,2165,1236,497,497,64.38631790744466,79.83903420523139,0,,False,0.0,,0.021980770040704523,0.0019328143680468202,swimmer
repeat4_1280,16.0,5174,25363,1664,966,2176,1478,512,512,65.0,80.0,0,,False,0.0,,0.01694956925003946,0.019138546660542488,boat
repeat4_1280,16.0,5175,25374,1560,999,2195,1757,635,758,45.593667546174146,57.41424802110818,0,,False,0.0,,0.09348969071242497,0.0012757277581840754,swimmer
repeat4_1280,16.0,5176,25385,1566,990,2207,1755,641,765,46.84967320261438,58.56209150326798,0,,False,0.0,,0.07527344384876655,0.0020316587761044502,boat
repeat4_1280,16.0,5177,25396,1570,990,2210,1755,640,765,46.84967320261438,58.56209150326798,0,,False,0.0,,0.041113803089495915,0.007986657321453094,boat
repeat4_1280,16.0,5178,25408,1576,990,2214,1754,638,764,46.910994764397905,58.638743455497384,0,,False,0.0,,0.06731821810504096,0.02678133361041546,boat
repeat4_1280,16.0,5179,25420,1581,988,2219,1755,638,767,46.72750977835724,58.40938722294655,0,,False,0.0,,0.07895663159196434,0.003163214074447751,boat
repeat4_1280,16.0,5180,25432,1586,988,2223,1756,637,768,46.66666666666667,58.333333333333336,0,,False,0.0,,0.07575535057408501,0.0037807903718203306,boat
repeat4_1280,16.0,5181,25444,1588,1058,2227,1826,639,768,46.66666666666667,58.333333333333336,0,,False,0.0,,0.05789281197287018,0.05115847289562225,boat
repeat4_1280,16.0,5182,25456,1588,1171,2230,1946,642,775,47.89677419354839,57.806451612903224,0,,False,0.0,,0.07271469869995552,0.022699756547808647,boat
repeat4_1280,16.0,5183,25468,1582,1266,2247,2068,665,802,47.880299251870326,59.052369077306736,0,,False,0.0,,0.08137461400994109,0.004882351495325565,boat
repeat4_1280,16.0,5184,25480,1584,1380,2250,2160,666,780,49.230769230769226,60.717948717948715,0,,False,0.0,,0.08662950308853344,0.0020895882043987513,boat
repeat4_1280,16.0,5185,25491,1583,1459,2269,2160,686,701,56.60485021398003,71.21255349500713,0,,False,0.0,,0.04257518753738451,0.7918450236320496,boat
repeat4_1280,16.0,5186,25501,1646,1536,2270,2160,624,624,65.64102564102564,80.0,0,,False,0.0,,0.0515177456141175,0.047696493566036224,boat
repeat4_1280,16.0,5187,25511,1642,1520,2282,2160,640,640,64.0,80.0,0,,False,0.0,,0.04487975090248619,0.6735601425170898,boat
repeat4_1280,16.0,5188,25521,1645,1520,2286,2160,641,640,65.89703588143526,79.87519500780031,0,,False,0.0,,0.07402132057081212,0.029345795512199402,boat
repeat4_1280,16.0,5189,25531,1641,1504,2298,2160,657,656,64.29223744292237,79.87823439878234,0,,False,0.0,,0.04508788613590795,0.7528397440910339,boat
repeat4_1280,16.0,5190,25541,1652,1520,2293,2160,641,640,65.89703588143526,79.87519500780031,0,,False,0.0,,0.054063771098900114,0.006029460113495588,boat
repeat4_1280,16.0,5191,25551,1680,1568,2273,2160,593,592,62.59696458684654,79.86509274873524,0,,False,0.0,,0.03982450067174059,0.0014426680281758308,boat
repeat4_1280,16.0,5192,25561,1682,1568,2275,2160,593,592,62.59696458684654,79.86509274873524,0,,False,0.0,,0.02769083506542801,0.0017890435410663486,boat
repeat4_1280,16.0,5193,25571,1685,1568,2278,2160,593,592,62.59696458684654,79.86509274873524,0,,False,0.0,,0.027853403781617426,0.024972835555672646,boat
repeat4_1280,16.0,5194,25581,1687,1568,2280,2160,593,592,62.59696458684654,79.86509274873524,0,,False,0.0,,0.02380542718814426,0.023859355598688126,boat
repeat4_1280,16.0,5195,25591,1690,1568,2283,2160,593,592,62.59696458684654,79.86509274873524,0,,False,0.0,,0.030752774362012274,0.0014778698096051812,boat
repeat4_1280,16.0,5196,25601,1693,1568,2286,2160,593,592,62.59696458684654,79.86509274873524,0,,False,0.0,,0.022946073022775314,0.0914217010140419,boat
repeat4_1280,16.0,5197,25611,1696,1568,2289,2160,593,592,62.59696458684654,79.86509274873524,0,,False,0.0,,0.03849159192943602,0.044734325259923935,boat
repeat4_1280,16.0,5198,25621,1701,1568,2294,2160,593,592,62.59696458684654,79.86509274873524,0,,False,0.0,,0.02891821295110801,0.045673076063394547,boat
repeat4_1280,16.0,5199,25631,1705,1568,2298,2160,593,592,62.59696458684654,79.86509274873524,0,,False,0.0,,0.808881545446868,0.0011185707990080118,swimmer
repeat4_1280,16.0,5200,25641,1708,1568,2369,2160,661,592,56.15733736762481,71.64901664145235,0,,False,0.0,,0.04935520784773033,0.002452187007293105,boat
repeat4_1280,16.0,5201,25651,1710,1568,2356,2160,646,592,57.461300309597526,73.312693498452,0,,False,0.0,,0.03578754908880602,0.0039113909006118774,boat
repeat4_1280,16.0,5202,25661,1712,1568,2354,2160,642,592,57.81931464174455,73.76947040498442,0,,False,0.0,,0.029077692884727356,0.0031230428721755743,boat
repeat4_1280,16.0,5203,25671,1714,1568,2339,2160,625,592,59.392,75.776,0,,False,0.0,,0.03582958906858906,0.25397953391075134,boat
repeat4_1280,16.0,5204,25681,1718,1568,2328,2160,610,592,60.852459016393446,77.63934426229508,0,,False,0.0,,0.029934475147876324,0.011380791664123535,boat
repeat4_1280,16.0,5205,25691,1723,1568,2316,2160,593,592,62.59696458684654,79.86509274873524,0,,False,0.0,,0.02819041757056427,0.07139299064874649,boat
repeat4_1280,16.0,5206,25701,1729,1568,2322,2160,593,592,62.59696458684654,79.86509274873524,0,,False,0.0,,0.036035336538358796,0.05786316469311714,boat
repeat4_1280,16.0,5207,25713,1680,1411,2308,2160,628,749,47.85046728971963,59.81308411214953,0,,False,0.0,,0.0343297481944117,0.7997689247131348,boat
repeat4_1280,16.0,5208,25725,1687,1232,2300,1990,613,758,43.90501319261214,57.41424802110818,0,,False,0.0,,0.07137541751789288,0.0061269234865903854,boat
repeat4_1280,16.0,5209,25737,1694,1156,2293,1905,599,749,44.43257676902537,56.395193591455275,0,,False,0.0,,0.07275630913891155,0.001172940363176167,boat
repeat4_1280,16.0,5210,25749,1774,1158,2287,1670,513,512,62.37816764132553,79.84405458089668,0,,False,0.0,,0.7819649248414452,0.0011643337784335017,swimmer
repeat4_1280,16.0,5211,25761,1763,1156,2276,1668,513,512,62.37816764132553,79.84405458089668,0,,False,0.0,,0.6175089902266806,0.0021195311564952135,swimmer
repeat4_1280,16.0,5212,25773,1766,1155,2279,1667,513,512,62.37816764132553,79.84405458089668,0,,False,0.0,,0.7449094467304416,0.0012142440536990762,swimmer
repeat4_1280,16.0,5213,25785,1770,1153,2283,1665,513,512,62.37816764132553,79.84405458089668,0,,False,0.0,,0.7126008070942934,0.0012422960717231035,swimmer
repeat4_1280,16.0,5214,25797,1756,1161,2252,1658,496,497,61.81086519114688,79.83903420523139,0,,False,0.0,,0.23040341376075485,0.002609464805573225,swimmer
repeat4_1280,16.0,5215,25809,1572,1175,2052,1655,480,480,64.0,80.0,0,,False,0.0,,0.16794058642535922,0.0028283761348575354,swimmer
repeat4_1280,16.0,5216,25821,1409,1178,1906,1675,497,497,64.38631790744466,79.83903420523139,0,,False,0.0,,0.6532751866260127,0.003739885753020644,swimmer
repeat4_1280,16.0,5217,25833,1413,1172,1910,1669,497,497,64.38631790744466,79.83903420523139,0,,False,0.0,,0.6578362058560409,0.001632526284083724,swimmer
repeat4_1280,16.0,5218,25845,1418,1166,1915,1663,497,497,64.38631790744466,79.83903420523139,0,,False,0.0,,0.02358264568100917,0.0013961490476503968,swimmer
repeat4_1280,16.0,5219,25857,1443,1162,1940,1659,497,497,64.38631790744466,79.83903420523139,0,,False,0.0,,0.011591272901250576,0.016268111765384674,boat
repeat4_1280,16.0,5220,25869,1518,1163,2015,1660,497,497,64.38631790744466,79.83903420523139,0,,False,0.0,,0.4997744867805721,0.002121053636074066,swimmer
repeat4_1280,16.0,5221,25881,1636,1162,2133,1659,497,497,64.38631790744466,79.83903420523139,0,,False,0.0,,0.01301306621691604,0.024225035682320595,boat
repeat4_1280,16.0,5222,25893,1717,1150,2230,1662,513,512,62.37816764132553,79.84405458089668,0,,False,0.0,,0.47252021240821174,0.0011666107457131147,swimmer
repeat4_1280,16.0,5223,25905,1858,1138,2371,1650,513,512,62.37816764132553,79.84405458089668,0,,False,0.0,,0.011812769048850301,0.001967635005712509,swimmer
repeat4_1280,16.0,5224,25917,2038,1124,2534,1621,496,497,61.81086519114688,79.83903420523139,0,,False,0.0,,0.3581381952849417,0.0012599036563187838,swimmer
repeat4_1280,16.0,5225,25929,2180,1075,2693,1587,513,512,62.37816764132553,79.84405458089668,0,,False,0.0,,0.4046975165154959,0.0016638879897072911,swimmer
repeat4_1280,16.0,5226,25941,2194,989,2707,1501,513,512,62.37816764132553,79.84405458089668,0,,False,0.0,,0.011473023768951329,0.05077185109257698,boat
repeat4_1280,16.0,5227,25955,2261,904,2757,1401,496,497,61.81086519114688,79.83903420523139,0,,False,0.0,,0.0,,
repeat4_1280,16.0,5228,25969,2352,818,2817,1283,465,465,63.311827956989255,79.82795698924731,0,,False,0.0,,0.46606938382267643,0.0010706541361287236,swimmer
repeat4_1280,16.0,5229,25983,2453,720,3085,1291,632,571,44.55696202531646,56.708860759493675,0,,False,0.0,,0.4374271713746004,0.007157069630920887,swimmer
repeat4_1280,16.0,5230,25997,2561,591,3169,1156,608,565,46.315789473684205,56.84210526315789,0,,False,0.0,,0.35786715894464616,0.009652323089540005,swimmer
repeat4_1280,16.0,5231,26011,2674,516,3275,1030,601,514,44.72545757071547,55.37437603993344,0,,False,0.0,,0.3609882873353194,0.0018185186199843884,swimmer
repeat4_1280,16.0,5232,26023,2784,440,3383,914,599,474,42.73789649415693,53.42237061769616,0,,False,0.0,,0.2093753232061828,0.0028417001012712717,swimmer
repeat4_1280,16.0,5233,26035,2816,337,3418,786,602,449,53.156146179402,46.777408637873755,0,,False,0.0,,0.2514629047927859,0.0016782657476142049,swimmer
repeat4_1280,16.0,5234,26045,2726,221,3313,620,587,399,50.15332197614991,43.61158432708688,0,,False,0.0,,0.29242736408802733,0.0027137307915836573,swimmer
repeat4_1280,16.0,5235,26055,2583,105,2969,489,386,384,72.95336787564766,59.689119170984455,0,,False,0.0,,0.2318110910423757,0.0015290318988263607,swimmer
repeat4_1280,16.0,5236,26064,2400,52,2785,436,385,384,69.81818181818183,59.84415584415585,0,,False,0.0,,0.1928897136623319,0.010074567049741745,swimmer
crop4_1280,8.0,5173,25352,1724,795,2109,1180,385,385,83.11688311688312,103.06493506493507,2,0.10716602206230164,False,0.0,,0.028250228008355083,0.7918865084648132,boat
crop4_1280,8.0,5174,25363,1728,1030,2112,1414,384,384,86.66666666666667,106.66666666666667,4,0.07082288712263107,False,0.48333955665629125,0.07082288712263107,0.48333955665629125,0.07082288712263107,life_saving_appliances
crop4_1280,8.0,5175,25374,1730,1079,2115,1463,385,384,89.76623376623377,113.03896103896105,1,0.01884838007390499,False,0.0,,0.08907300321626169,0.09659896045923233,boat
crop4_1280,8.0,5176,25385,1735,1078,2119,1463,384,385,93.0909090909091,116.36363636363637,1,0.001510830596089363,False,0.0,,0.034464124031159386,0.8577591180801392,boat
crop4_1280,8.0,5177,25396,1738,1078,2122,1463,384,385,93.0909090909091,116.36363636363637,1,0.0020978355314582586,False,0.0,,0.11220319607619543,0.00236237864010036,boat
crop4_1280,8.0,5178,25408,1742,1078,2126,1463,384,385,93.0909090909091,116.36363636363637,1,0.002164471196010709,False,0.0,,0.07935040952557963,0.01542934775352478,boat
crop4_1280,8.0,5179,25420,1747,1076,2131,1461,384,385,93.0909090909091,116.36363636363637,1,0.0029846089892089367,False,0.0,,0.03462608458703163,0.8517604470252991,boat
crop4_1280,8.0,5180,25432,1751,1076,2135,1461,384,385,93.0909090909091,116.36363636363637,1,0.004769775550812483,False,0.0,,0.03478960801190982,0.8446999788284302,boat
crop4_1280,8.0,5181,25444,1755,1146,2139,1531,384,385,93.0909090909091,116.36363636363637,0,,False,0.0,,0.035645520613332086,0.8414711356163025,boat
crop4_1280,8.0,5182,25456,1757,1259,2142,1644,385,385,96.41558441558442,116.36363636363637,1,0.0015159912873059511,True,0.6919238629705321,0.0015159912873059511,0.6919238629705321,0.0015159912873059511,life_saving_appliances
crop4_1280,8.0,5183,25468,1759,1370,2143,1755,384,385,99.74025974025975,123.01298701298703,0,,False,0.0,,0.03880178986181035,0.8693193793296814,boat
crop4_1280,8.0,5184,25480,1762,1483,2146,1869,384,386,99.48186528497409,122.69430051813471,0,,False,0.0,,0.09552331691401234,0.0041692485101521015,boat
crop4_1280,8.0,5185,25491,1764,1573,2149,1964,385,391,101.48337595907928,127.67263427109974,0,,False,0.0,,0.11773584352917885,0.0014282395131886005,boat
crop4_1280,8.0,5186,25501,1766,1665,2150,2055,384,390,105.02564102564102,128.0,1,0.0010133692994713783,True,0.6913410520747465,0.0010133692994713783,0.6913410520747465,0.0010133692994713783,life_saving_appliances
crop4_1280,8.0,5187,25511,1770,1731,2154,2123,384,392,104.48979591836735,130.6122448979592,0,,False,0.0,,0.12984476518160887,0.0020293660927563906,boat
crop4_1280,8.0,5188,25521,1773,1731,2158,2124,385,393,107.48091603053435,130.27989821882952,2,0.3012339770793915,True,0.7204681962347504,0.3012339770793915,0.7204681962347504,0.3012339770793915,life_saving_appliances
crop4_1280,8.0,5189,25531,1777,1730,2162,2123,385,393,107.48091603053435,133.53689567430024,1,0.05196300521492958,True,0.7112229253561912,0.05196300521492958,0.7112229253561912,0.05196300521492958,life_saving_appliances
crop4_1280,8.0,5190,25541,1780,1729,2165,2120,385,391,108.0306905370844,130.9462915601023,0,,False,0.0,,0.126910216287999,0.0012386286398395896,boat
crop4_1280,8.0,5191,25551,1784,1729,2169,2122,385,393,94.45292620865139,120.5089058524173,1,0.004941470455378294,True,0.894922689931781,0.004941470455378294,0.894922689931781,0.004941470455378294,life_saving_appliances
crop4_1280,8.0,5192,25561,1786,1728,2171,2122,385,394,94.21319796954315,120.20304568527919,1,0.003296538721770048,True,0.9017670506562426,0.003296538721770048,0.9017670506562426,0.003296538721770048,life_saving_appliances
crop4_1280,8.0,5193,25571,1789,1726,2174,2121,385,395,93.9746835443038,119.89873417721519,0,,False,0.0,,0.03605900485041517,0.8396015763282776,boat
crop4_1280,8.0,5194,25581,1791,1727,2176,2120,385,393,94.45292620865139,120.5089058524173,1,0.0031684478744864464,True,0.8827315737106659,0.0031684478744864464,0.8827315737106659,0.0031684478744864464,life_saving_appliances
crop4_1280,8.0,5195,25591,1794,1727,2179,2118,385,391,94.93606138107417,121.12531969309462,2,0.010204371996223927,True,0.8633994537165887,0.010204371996223927,0.8633994537165887,0.010204371996223927,life_saving_appliances
crop4_1280,8.0,5196,25601,1797,1722,2182,2115,385,393,94.45292620865139,120.5089058524173,1,0.004208062309771776,True,0.9216712956576791,0.004208062309771776,0.9216712956576791,0.004208062309771776,life_saving_appliances
crop4_1280,8.0,5197,25611,1800,1716,2185,2112,385,396,93.73737373737373,119.5959595959596,1,0.001527118613012135,True,0.650308024961926,0.001527118613012135,0.650308024961926,0.001527118613012135,life_saving_appliances
crop4_1280,8.0,5198,25621,1805,1716,2190,2110,385,394,94.21319796954315,120.20304568527919,1,0.05772149935364723,True,0.6517722175336165,0.05772149935364723,0.6517722175336165,0.05772149935364723,life_saving_appliances
crop4_1280,8.0,5199,25631,1809,1718,2194,2109,385,391,94.93606138107417,121.12531969309462,0,,False,0.0,,0.051985790763266586,0.0028614779002964497,boat
crop4_1280,8.0,5200,25641,1812,1715,2197,2107,385,392,94.6938775510204,120.81632653061224,1,0.003339537186548114,True,0.8684037083888175,0.003339537186548114,0.8684037083888175,0.003339537186548114,life_saving_appliances
crop4_1280,8.0,5201,25651,1814,1711,2199,2106,385,395,93.9746835443038,119.89873417721519,0,,False,0.0,,0.10021533512305912,0.008012501522898674,boat
crop4_1280,8.0,5202,25661,1816,1710,2201,2103,385,393,94.45292620865139,120.5089058524173,0,,False,0.0,,0.10158788116353948,0.001383566646836698,boat
crop4_1280,8.0,5203,25671,1818,1707,2203,2099,385,392,94.6938775510204,120.81632653061224,1,0.0016428697854280472,True,0.8505062812450516,0.0016428697854280472,0.8505062812450516,0.0016428697854280472,life_saving_appliances
crop4_1280,8.0,5204,25681,1822,1702,2207,2095,385,393,94.45292620865139,120.5089058524173,1,0.001107253017835319,True,0.9116156231503701,0.001107253017835319,0.9116156231503701,0.001107253017835319,life_saving_appliances
crop4_1280,8.0,5205,25691,1827,1699,2212,2093,385,394,94.21319796954315,120.20304568527919,1,0.11547327786684036,True,0.7493892921724385,0.11547327786684036,0.7493892921724385,0.11547327786684036,life_saving_appliances
crop4_1280,8.0,5206,25701,1833,1639,2298,2071,465,432,79.82795698924731,101.8494623655914,1,0.00258050300180912,False,0.0,,0.037429572102056996,0.9234172105789185,boat
crop4_1280,8.0,5207,25713,1836,1472,2291,1884,455,412,78.76923076923077,98.46153846153847,0,,False,0.0,,0.03438759782611384,0.9382871389389038,boat
crop4_1280,8.0,5208,25725,1836,1301,2268,1696,432,395,77.03703703703704,100.74074074074073,3,0.00536069693043828,False,0.4410467341378359,0.00536069693043828,0.4410467341378359,0.00536069693043828,life_saving_appliances
crop4_1280,8.0,5209,25737,1837,1228,2257,1613,420,385,79.23809523809524,100.57142857142857,0,,False,0.0,,0.028652547188486976,0.8962662220001221,boat
crop4_1280,8.0,5210,25749,1838,1222,2241,1606,403,384,79.4044665012407,101.6377171215881,2,0.005489808041602373,True,0.7354812815115281,0.00103163777384907,0.7354812815115281,0.00103163777384907,life_saving_appliances
crop4_1280,8.0,5211,25761,1827,1220,2213,1604,386,384,82.90155440414507,106.11398963730569,0,,False,0.0,,0.06390449575963564,0.0011785282986238599,boat
crop4_1280,8.0,5212,25773,1830,1219,2215,1603,385,384,83.11688311688312,106.3896103896104,1,0.0013883791398257017,True,0.5774814277851271,0.0013883791398257017,0.5774814277851271,0.0013883791398257017,life_saving_appliances
crop4_1280,8.0,5213,25785,1834,1217,2219,1601,385,384,83.11688311688312,106.3896103896104,0,,False,0.0,,0.07213173311540312,0.12323309481143951,boat
crop4_1280,8.0,5214,25797,1812,1217,2196,1602,384,385,79.79220779220779,103.06493506493507,2,0.014079458080232143,False,0.0,,0.026157877238152702,0.8702532052993774,boat
crop4_1280,8.0,5215,25809,1620,1223,2004,1607,384,384,80.0,100.0,0,,False,0.0,,0.023868629396935178,0.8024725914001465,boat
crop4_1280,8.0,5216,25821,1465,1234,1850,1619,385,385,83.11688311688312,103.06493506493507,1,0.005843655671924353,False,0.0,,0.029929252557630716,0.8708245754241943,boat
crop4_1280,8.0,5217,25833,1469,1228,1854,1613,385,385,83.11688311688312,103.06493506493507,0,,False,0.0,,0.03747026183168027,0.0020169923081994057,boat
crop4_1280,8.0,5218,25845,1474,1222,1859,1607,385,385,83.11688311688312,103.06493506493507,0,,False,0.0,,0.08073113635924045,0.0024985121563076973,boat
crop4_1280,8.0,5219,25857,1499,1218,1884,1603,385,385,83.11688311688312,103.06493506493507,0,,False,0.0,,0.04546094353925112,0.08966565132141113,boat
crop4_1280,8.0,5220,25869,1574,1219,1959,1604,385,385,83.11688311688312,103.06493506493507,0,,False,0.0,,0.03504966260033399,0.22727791965007782,boat
crop4_1280,8.0,5221,25881,1692,1218,2077,1603,385,385,83.11688311688312,103.06493506493507,0,,False,0.0,,0.06419347455596326,0.0015800995752215385,boat
crop4_1280,8.0,5222,25893,1781,1214,2166,1598,385,384,83.11688311688312,106.3896103896104,0,,False,0.0,,0.044571947565337215,0.04885132983326912,boat
crop4_1280,8.0,5223,25905,1922,1202,2307,1586,385,384,83.11688311688312,106.3896103896104,0,,False,0.0,,0.04444511830391185,0.0020014692563563585,boat
crop4_1280,8.0,5224,25917,2094,1180,2478,1565,384,385,79.79220779220779,103.06493506493507,0,,False,0.0,,0.063238046414611,0.005466945469379425,boat
crop4_1280,8.0,5225,25929,2244,1139,2629,1523,385,384,83.11688311688312,106.3896103896104,0,,False,0.0,,0.043261166625178885,0.13688229024410248,boat
crop4_1280,8.0,5226,25941,2258,1053,2643,1437,385,384,83.11688311688312,106.3896103896104,0,,False,0.0,,0.05535043492055938,0.16014613211154938,boat
crop4_1280,8.0,5227,25955,2317,960,2701,1345,384,385,79.79220779220779,103.06493506493507,0,,False,0.0,,0.05911565529677881,0.023953227326273918,boat
crop4_1280,8.0,5228,25969,2392,858,2777,1243,385,385,76.46753246753248,96.41558441558442,0,,False,0.0,,0.03994154699051276,0.05488070100545883,boat
crop4_1280,8.0,5229,25983,2485,752,2869,1136,384,384,73.33333333333334,93.33333333333334,0,,False,0.0,,0.03152677214913079,0.25307512283325195,boat
crop4_1280,8.0,5230,25997,2585,591,2981,1030,396,439,64.14578587699317,78.7243735763098,1,0.43323326110839844,False,0.0,,0.025244509282526098,0.8278420567512512,boat
crop4_1280,8.0,5231,26011,2690,516,3275,1030,585,514,45.948717948717956,56.88888888888889,3,0.023454565554857254,False,0.0,,0.018635763037803114,0.9225814938545227,boat
crop4_1280,8.0,5232,26023,2792,440,3383,914,591,474,43.31641285956007,54.145516074450086,4,0.6294648051261902,False,0.0,,0.018759576497852412,0.8883883357048035,boat
crop4_1280,8.0,5233,26035,2824,345,3418,786,594,441,53.87205387205387,47.407407407407405,5,0.4665866196155548,False,0.0,,0.023508710406619913,0.8620256781578064,boat
crop4_1280,8.0,5234,26045,2726,221,3313,620,587,399,50.15332197614991,43.61158432708688,4,0.49225130677223206,False,0.0,,0.02028947520170809,0.7944343686103821,boat
crop4_1280,8.0,5235,26055,2583,105,2969,489,386,384,72.95336787564766,59.689119170984455,7,0.8013299703598022,False,0.2735143037108689,0.0012427611509338021,0.2735143037108689,0.0012427611509338021,life_saving_appliances
crop4_1280,8.0,5236,26064,2400,52,2785,436,385,384,69.81818181818183,59.84415584415585,10,0.7445420622825623,False,0.06788794005801368,0.0016649020835757256,0.06788794005801368,0.0016649020835757256,life_saving_appliances
crop4_1280,12.0,5173,25352,1724,795,2109,1180,385,385,83.11688311688312,103.06493506493507,2,0.10716602206230164,False,0.0,,0.028250228008355083,0.7918865084648132,boat
crop4_1280,12.0,5174,25363,1728,1030,2112,1414,384,384,86.66666666666667,106.66666666666667,4,0.07082288712263107,False,0.48333955665629125,0.07082288712263107,0.48333955665629125,0.07082288712263107,life_saving_appliances
crop4_1280,12.0,5175,25374,1718,1067,2127,1475,409,408,84.49877750611248,106.40586797066015,1,0.0179455503821373,False,0.0,,0.09785513347531959,0.00269317626953125,boat
crop4_1280,12.0,5176,25385,1717,1060,2137,1481,420,421,85.13064133016627,106.41330166270784,1,0.012078111991286278,False,0.0,,0.046507965020269486,0.0038115670904517174,boat
crop4_1280,12.0,5177,25396,1720,1060,2140,1481,420,421,85.13064133016627,106.41330166270784,1,0.012592660263180733,False,0.0,,0.03320590841328585,0.8571094274520874,boat
crop4_1280,12.0,5178,25408,1724,1060,2144,1481,420,421,85.13064133016627,106.41330166270784,2,0.002843895461410284,False,0.0,,0.04641565755346769,0.002619921462610364,boat
crop4_1280,12.0,5179,25420,1729,1058,2149,1479,420,421,85.13064133016627,106.41330166270784,1,0.025878241285681725,False,0.0,,0.03224465883833126,0.8579902648925781,boat
crop4_1280,12.0,5180,25432,1733,1058,2153,1479,420,421,85.13064133016627,106.41330166270784,1,0.03704730421304703,False,0.0,,0.03231057830490433,0.8530220985412598,boat
crop4_1280,12.0,5181,25444,1737,1128,2157,1549,420,421,85.13064133016627,106.41330166270784,1,0.004682788625359535,False,0.0,,0.04611061222979935,0.0034432262182235718,boat
crop4_1280,12.0,5182,25456,1739,1241,2160,1662,421,421,88.1710213776722,106.41330166270784,1,0.001465564244426787,False,0.0,,0.047861839695380715,0.0048552146181464195,boat
crop4_1280,12.0,5183,25468,1729,1340,2173,1785,444,445,86.29213483146067,106.42696629213484,3,0.0085701122879982,True,0.6758334998521772,0.0011613507522270083,0.6758334998521772,0.0011613507522270083,life_saving_appliances
crop4_1280,12.0,5184,25480,1732,1454,2176,1899,444,445,86.29213483146067,106.42696629213484,1,0.0023694117553532124,True,0.7504968090936072,0.0023694117553532124,0.7504968090936072,0.0023694117553532124,life_saving_appliances
crop4_1280,12.0,5185,25491,1722,1537,2191,2006,469,469,84.60554371002132,106.43923240938166,1,0.00480180699378252,False,0.0,,0.04169239470758802,0.9501902461051941,boat
crop4_1280,12.0,5186,25501,1724,1628,2192,2097,468,469,87.33475479744136,106.43923240938166,1,0.0018500278238207102,False,0.0,,0.04427169339343596,0.9234793782234192,boat
crop4_1280,12.0,5187,25511,1722,1680,2202,2160,480,480,85.33333333333333,106.66666666666666,1,0.030664632096886635,True,0.8263735076507146,0.030664632096886635,0.8263735076507146,0.030664632096886635,life_saving_appliances
crop4_1280,12.0,5188,25521,1725,1680,2206,2160,481,480,87.81704781704782,106.44490644490645,2,0.11045315861701965,True,0.7686478389721632,0.11045315861701965,0.7686478389721632,0.11045315861701965,life_saving_appliances
crop4_1280,12.0,5189,25531,1723,1668,2216,2160,493,492,85.67951318458418,106.45030425963489,2,0.0027341581881046295,True,0.8962964236540809,0.0027341581881046295,0.8962964236540809,0.0027341581881046295,life_saving_appliances
crop4_1280,12.0,5190,25541,1732,1680,2213,2160,481,480,87.81704781704782,106.44490644490645,1,0.0011884385021403432,True,0.8740384466866472,0.0011884385021403432,0.8740384466866472,0.0011884385021403432,life_saving_appliances
crop4_1280,12.0,5191,25551,1754,1707,2199,2152,445,445,83.41573033707866,106.42696629213484,1,0.011800330132246017,True,0.932330144031918,0.011800330132246017,0.932330144031918,0.011800330132246017,life_saving_appliances
crop4_1280,12.0,5192,25561,1756,1707,2201,2152,445,445,83.41573033707866,106.42696629213484,1,0.0030961199663579464,True,0.9180018548560325,0.0030961199663579464,0.9180018548560325,0.0030961199663579464,life_saving_appliances
crop4_1280,12.0,5193,25571,1759,1706,2204,2151,445,445,83.41573033707866,106.42696629213484,1,0.002959934063255787,True,0.9329748224601455,0.002959934063255787,0.9329748224601455,0.002959934063255787,life_saving_appliances
crop4_1280,12.0,5194,25581,1761,1705,2206,2150,445,445,83.41573033707866,106.42696629213484,1,0.00439166696742177,True,0.902971454644324,0.00439166696742177,0.902971454644324,0.00439166696742177,life_saving_appliances
crop4_1280,12.0,5195,25591,1764,1703,2209,2148,445,445,83.41573033707866,106.42696629213484,1,0.0033386058639734983,True,0.918342471164848,0.0033386058639734983,0.918342471164848,0.0033386058639734983,life_saving_appliances
crop4_1280,12.0,5196,25601,1767,1700,2212,2145,445,445,83.41573033707866,106.42696629213484,1,0.0014644843759015203,True,0.9696338808256265,0.0014644843759015203,0.9696338808256265,0.0014644843759015203,life_saving_appliances
crop4_1280,12.0,5197,25611,1770,1697,2215,2142,445,445,83.41573033707866,106.42696629213484,2,0.0061585260555148125,True,0.8976664063649051,0.0061585260555148125,0.8976664063649051,0.0061585260555148125,life_saving_appliances
crop4_1280,12.0,5198,25621,1775,1695,2220,2140,445,445,83.41573033707866,106.42696629213484,1,0.004635320510715246,True,0.900813571968624,0.004635320510715246,0.900813571968624,0.004635320510715246,life_saving_appliances
crop4_1280,12.0,5199,25631,1779,1694,2224,2139,445,445,83.41573033707866,106.42696629213484,1,0.0538344606757164,True,0.929744807292826,0.0538344606757164,0.929744807292826,0.0538344606757164,life_saving_appliances
crop4_1280,12.0,5200,25641,1782,1692,2227,2137,445,445,83.41573033707866,106.42696629213484,2,0.0019191800383850932,True,0.9108544185279682,0.0019191800383850932,0.9108544185279682,0.0019191800383850932,life_saving_appliances
crop4_1280,12.0,5201,25651,1784,1691,2229,2136,445,445,83.41573033707866,106.42696629213484,0,,False,0.0,,0.03971605009921681,0.9069585800170898,boat
crop4_1280,12.0,5202,25661,1786,1688,2231,2133,445,445,83.41573033707866,106.42696629213484,1,0.011537467129528522,True,0.8611357303572412,0.011537467129528522,0.8611357303572412,0.011537467129528522,life_saving_appliances
crop4_1280,12.0,5203,25671,1788,1684,2233,2129,445,445,83.41573033707866,106.42696629213484,1,0.004618542268872261,True,0.8998252004621459,0.004618542268872261,0.8998252004621459,0.004618542268872261,life_saving_appliances
crop4_1280,12.0,5204,25681,1792,1680,2237,2125,445,445,83.41573033707866,106.42696629213484,1,0.0011541338171809912,True,0.9420482585783567,0.0011541338171809912,0.9420482585783567,0.0011541338171809912,life_saving_appliances
crop4_1280,12.0,5205,25691,1797,1653,2309,2123,512,470,72.5,92.5,2,0.04070214927196503,True,0.8309725456605817,0.04070214927196503,0.8309725456605817,0.04070214927196503,life_saving_appliances
crop4_1280,12.0,5206,25701,1803,1639,2298,2101,495,462,74.98989898989899,95.67676767676768,0,,False,0.0,,0.03771462253615089,0.9610753655433655,boat
crop4_1280,12.0,5207,25713,1818,1472,2291,1902,473,430,75.77167019027485,94.71458773784356,0,,False,0.0,,0.034501367318510195,0.964320957660675,boat
crop4_1280,12.0,5208,25725,1824,1300,2268,1708,444,408,74.95495495495496,98.01801801801801,2,0.02342268079519272,False,0.3461424702706658,0.02342268079519272,0.3461424702706658,0.02342268079519272,life_saving_appliances
crop4_1280,12.0,5209,25737,1831,1222,2257,1619,426,397,78.12206572769952,99.15492957746478,1,0.0012077217688784003,False,0.0,,0.028604965627074146,0.9159889221191406,boat
crop4_1280,12.0,5210,25749,1838,1222,2241,1606,403,384,79.4044665012407,101.6377171215881,2,0.005489808041602373,True,0.7354812815115281,0.00103163777384907,0.7354812815115281,0.00103163777384907,life_saving_appliances
crop4_1280,12.0,5211,25761,1827,1220,2213,1604,386,384,82.90155440414507,106.11398963730569,0,,False,0.0,,0.06390449575963564,0.0011785282986238599,boat
crop4_1280,12.0,5212,25773,1830,1219,2215,1603,385,384,83.11688311688312,106.3896103896104,1,0.0013883791398257017,True,0.5774814277851271,0.0013883791398257017,0.5774814277851271,0.0013883791398257017,life_saving_appliances
crop4_1280,12.0,5213,25785,1834,1217,2219,1601,385,384,83.11688311688312,106.3896103896104,0,,False,0.0,,0.07213173311540312,0.12323309481143951,boat
crop4_1280,12.0,5214,25797,1812,1217,2196,1602,384,385,79.79220779220779,103.06493506493507,2,0.014079458080232143,False,0.0,,0.026157877238152702,0.8702532052993774,boat
crop4_1280,12.0,5215,25809,1620,1223,2004,1607,384,384,80.0,100.0,0,,False,0.0,,0.023868629396935178,0.8024725914001465,boat
crop4_1280,12.0,5216,25821,1465,1234,1850,1619,385,385,83.11688311688312,103.06493506493507,1,0.005843655671924353,False,0.0,,0.029929252557630716,0.8708245754241943,boat
crop4_1280,12.0,5217,25833,1469,1228,1854,1613,385,385,83.11688311688312,103.06493506493507,0,,False,0.0,,0.03747026183168027,0.0020169923081994057,boat
crop4_1280,12.0,5218,25845,1474,1222,1859,1607,385,385,83.11688311688312,103.06493506493507,0,,False,0.0,,0.08073113635924045,0.0024985121563076973,boat
crop4_1280,12.0,5219,25857,1499,1218,1884,1603,385,385,83.11688311688312,103.06493506493507,0,,False,0.0,,0.04546094353925112,0.08966565132141113,boat
crop4_1280,12.0,5220,25869,1574,1219,1959,1604,385,385,83.11688311688312,103.06493506493507,0,,False,0.0,,0.03504966260033399,0.22727791965007782,boat
crop4_1280,12.0,5221,25881,1692,1218,2077,1603,385,385,83.11688311688312,103.06493506493507,0,,False,0.0,,0.06419347455596326,0.0015800995752215385,boat
crop4_1280,12.0,5222,25893,1781,1214,2166,1598,385,384,83.11688311688312,106.3896103896104,0,,False,0.0,,0.044571947565337215,0.04885132983326912,boat
crop4_1280,12.0,5223,25905,1922,1202,2307,1586,385,384,83.11688311688312,106.3896103896104,0,,False,0.0,,0.04444511830391185,0.0020014692563563585,boat
crop4_1280,12.0,5224,25917,2094,1180,2478,1565,384,385,79.79220779220779,103.06493506493507,0,,False,0.0,,0.063238046414611,0.005466945469379425,boat
crop4_1280,12.0,5225,25929,2244,1139,2629,1523,385,384,83.11688311688312,106.3896103896104,0,,False,0.0,,0.043261166625178885,0.13688229024410248,boat
crop4_1280,12.0,5226,25941,2258,1053,2643,1437,385,384,83.11688311688312,106.3896103896104,0,,False,0.0,,0.05535043492055938,0.16014613211154938,boat
crop4_1280,12.0,5227,25955,2317,960,2701,1345,384,385,79.79220779220779,103.06493506493507,0,,False,0.0,,0.05911565529677881,0.023953227326273918,boat
crop4_1280,12.0,5228,25969,2392,858,2777,1243,385,385,76.46753246753248,96.41558441558442,0,,False,0.0,,0.03994154699051276,0.05488070100545883,boat
crop4_1280,12.0,5229,25983,2485,752,2869,1136,384,384,73.33333333333334,93.33333333333334,0,,False,0.0,,0.03152677214913079,0.25307512283325195,boat
crop4_1280,12.0,5230,25997,2585,591,2981,1030,396,439,64.14578587699317,78.7243735763098,1,0.43323326110839844,False,0.0,,0.025244509282526098,0.8278420567512512,boat
crop4_1280,12.0,5231,26011,2690,516,3275,1030,585,514,45.948717948717956,56.88888888888889,3,0.023454565554857254,False,0.0,,0.018635763037803114,0.9225814938545227,boat
crop4_1280,12.0,5232,26023,2792,440,3383,914,591,474,43.31641285956007,54.145516074450086,4,0.6294648051261902,False,0.0,,0.018759576497852412,0.8883883357048035,boat
crop4_1280,12.0,5233,26035,2824,345,3418,786,594,441,53.87205387205387,47.407407407407405,5,0.4665866196155548,False,0.0,,0.023508710406619913,0.8620256781578064,boat
crop4_1280,12.0,5234,26045,2726,221,3313,620,587,399,50.15332197614991,43.61158432708688,4,0.49225130677223206,False,0.0,,0.02028947520170809,0.7944343686103821,boat
crop4_1280,12.0,5235,26055,2583,105,2969,489,386,384,72.95336787564766,59.689119170984455,7,0.8013299703598022,False,0.2735143037108689,0.0012427611509338021,0.2735143037108689,0.0012427611509338021,life_saving_appliances
crop4_1280,12.0,5236,26064,2400,52,2785,436,385,384,69.81818181818183,59.84415584415585,10,0.7445420622825623,False,0.06788794005801368,0.0016649020835757256,0.06788794005801368,0.0016649020835757256,life_saving_appliances
crop4_1280,16.0,5173,25352,1668,739,2165,1236,497,497,64.38631790744466,79.83903420523139,2,0.23453621566295624,False,0.0,,0.028052117388736753,0.9402514100074768,boat
crop4_1280,16.0,5174,25363,1664,966,2176,1478,512,512,65.0,80.0,2,0.22557400166988373,False,0.4138553118412879,0.001341813476756215,0.4138553118412879,0.001341813476756215,life_saving_appliances
crop4_1280,16.0,5175,25374,1560,999,2195,1757,635,758,45.593667546174146,57.41424802110818,2,0.002028268063440919,False,0.0,,0.09769554829267513,0.005433453246951103,boat
crop4_1280,16.0,5176,25385,1566,990,2207,1755,641,765,46.84967320261438,58.56209150326798,1,0.0049807047471404076,False,0.0,,0.12367306005964909,0.012943699955940247,boat
crop4_1280,16.0,5177,25396,1570,990,2210,1755,640,765,46.84967320261438,58.56209150326798,3,0.008054768666625023,True,0.7160202869842037,0.0010804819175973535,0.7160202869842037,0.0010804819175973535,life_saving_appliances
crop4_1280,16.0,5178,25408,1576,990,2214,1754,638,764,46.910994764397905,58.638743455497384,2,0.0022961830254644156,False,0.0,,0.11596432058281084,0.009697997942566872,boat
crop4_1280,16.0,5179,25420,1581,988,2219,1755,638,767,46.72750977835724,58.40938722294655,2,0.004175764974206686,False,0.0,,0.11403787497701291,0.09084456413984299,boat
crop4_1280,16.0,5180,25432,1586,988,2223,1756,637,768,46.66666666666667,58.333333333333336,1,0.005827388726174831,False,0.0,,0.11273192258303337,0.0344030000269413,boat
crop4_1280,16.0,5181,25444,1588,1058,2227,1826,639,768,46.66666666666667,58.333333333333336,2,0.010953253135085106,False,0.0,,0.13244343962687666,0.0039223562926054,boat
crop4_1280,16.0,5182,25456,1588,1171,2230,1946,642,775,47.89677419354839,57.806451612903224,1,0.0019357675919309258,False,0.0,,0.13204030831643032,0.011536733247339725,boat
crop4_1280,16.0,5183,25468,1582,1266,2247,2068,665,802,47.880299251870326,59.052369077306736,1,0.0037076228763908148,False,0.0,,0.13081804265947802,0.024165576323866844,boat
crop4_1280,16.0,5184,25480,1584,1380,2250,2160,666,780,49.230769230769226,60.717948717948715,3,0.00772492028772831,False,0.0,,0.13550334093318722,0.005006049759685993,boat
crop4_1280,16.0,5185,25491,1583,1459,2269,2160,686,701,56.60485021398003,71.21255349500713,3,0.28342175483703613,False,0.0,,0.1489681027327958,0.030002834275364876,boat
crop4_1280,16.0,5186,25501,1646,1536,2270,2160,624,624,65.64102564102564,80.0,2,0.008466457016766071,True,0.7053972794472849,0.004904099740087986,0.7053972794472849,0.004904099740087986,life_saving_appliances
crop4_1280,16.0,5187,25511,1642,1520,2282,2160,640,640,64.0,80.0,2,0.01163957454264164,True,0.8573184562847018,0.01021616905927658,0.8573184562847018,0.01021616905927658,life_saving_appliances
crop4_1280,16.0,5188,25521,1645,1520,2286,2160,641,640,65.89703588143526,79.87519500780031,2,0.029704516753554344,True,0.7790374673902989,0.029704516753554344,0.7790374673902989,0.029704516753554344,life_saving_appliances
crop4_1280,16.0,5189,25531,1641,1504,2298,2160,657,656,64.29223744292237,79.87823439878234,2,0.12158390879631042,True,0.8138817838872924,0.0038459221832454205,0.8138817838872924,0.0038459221832454205,life_saving_appliances
crop4_1280,16.0,5190,25541,1652,1520,2293,2160,641,640,65.89703588143526,79.87519500780031,2,0.030066747218370438,True,0.7246944728146101,0.0026838353369385004,0.7246944728146101,0.0026838353369385004,life_saving_appliances
crop4_1280,16.0,5191,25551,1680,1568,2273,2160,593,592,62.59696458684654,79.86509274873524,2,0.023323457688093185,True,0.915290324235401,0.023323457688093185,0.915290324235401,0.023323457688093185,life_saving_appliances
crop4_1280,16.0,5192,25561,1682,1568,2275,2160,593,592,62.59696458684654,79.86509274873524,2,0.0020207036286592484,True,0.8173498207666778,0.0014629352372139692,0.8173498207666778,0.0014629352372139692,life_saving_appliances
crop4_1280,16.0,5193,25571,1685,1568,2278,2160,593,592,62.59696458684654,79.86509274873524,2,0.005270525347441435,True,0.8708596612285154,0.002337064128369093,0.8708596612285154,0.002337064128369093,life_saving_appliances
crop4_1280,16.0,5194,25581,1687,1568,2280,2160,593,592,62.59696458684654,79.86509274873524,0,,False,0.0,,0.037104988055956904,0.9452036619186401,boat
crop4_1280,16.0,5195,25591,1690,1568,2283,2160,593,592,62.59696458684654,79.86509274873524,0,,False,0.0,,0.03798509400407012,0.945550262928009,boat
crop4_1280,16.0,5196,25601,1693,1568,2286,2160,593,592,62.59696458684654,79.86509274873524,1,0.001628110185265541,False,0.0,,0.03680727584231175,0.9347215294837952,boat
crop4_1280,16.0,5197,25611,1696,1568,2289,2160,593,592,62.59696458684654,79.86509274873524,2,0.0019458854803815484,True,0.840686382791541,0.0011488834861665964,0.840686382791541,0.0011488834861665964,life_saving_appliances
crop4_1280,16.0,5198,25621,1701,1568,2294,2160,593,592,62.59696458684654,79.86509274873524,2,0.0034915045835077763,True,0.8560606354285866,0.0034915045835077763,0.8560606354285866,0.0034915045835077763,life_saving_appliances
crop4_1280,16.0,5199,25631,1705,1568,2298,2160,593,592,62.59696458684654,79.86509274873524,2,0.006442868150770664,True,0.9494664240154629,0.006442868150770664,0.9494664240154629,0.006442868150770664,life_saving_appliances
crop4_1280,16.0,5200,25641,1708,1568,2369,2160,661,592,56.15733736762481,71.64901664145235,2,0.4098512828350067,False,0.0,,0.03868201155116728,0.9255366325378418,boat
crop4_1280,16.0,5201,25651,1710,1568,2356,2160,646,592,57.461300309597526,73.312693498452,2,0.04450972378253937,True,0.9087751976637153,0.00892678089439869,0.9087751976637153,0.00892678089439869,life_saving_appliances
crop4_1280,16.0,5202,25661,1712,1568,2354,2160,642,592,57.81931464174455,73.76947040498442,2,0.15085095167160034,True,0.8374464332552036,0.028578920289874077,0.8374464332552036,0.028578920289874077,life_saving_appliances
crop4_1280,16.0,5203,25671,1714,1568,2339,2160,625,592,59.392,75.776,2,0.0052407775074243546,True,0.9351718811858342,0.0052407775074243546,0.9351718811858342,0.0052407775074243546,life_saving_appliances
crop4_1280,16.0,5204,25681,1718,1568,2328,2160,610,592,60.852459016393446,77.63934426229508,1,0.019974583759903908,False,0.0,,0.0379663053158341,0.9388251900672913,boat
crop4_1280,16.0,5205,25691,1723,1568,2316,2160,593,592,62.59696458684654,79.86509274873524,3,0.09699419885873795,True,0.8717275829322331,0.005909788887947798,0.8717275829322331,0.005909788887947798,life_saving_appliances
crop4_1280,16.0,5206,25701,1729,1568,2322,2160,593,592,62.59696458684654,79.86509274873524,2,0.0029939047526568174,True,0.6191583963474957,0.0029939047526568174,0.6191583963474957,0.0029939047526568174,life_saving_appliances
crop4_1280,16.0,5207,25713,1680,1411,2308,2160,628,749,47.85046728971963,59.81308411214953,8,0.08499173820018768,False,0.41350604659255463,0.002263957867398858,0.41350604659255463,0.002263957867398858,life_saving_appliances
crop4_1280,16.0,5208,25725,1687,1232,2300,1990,613,758,43.90501319261214,57.41424802110818,4,0.021507805213332176,False,0.0,,0.062401407456471984,0.01481499895453453,boat
crop4_1280,16.0,5209,25737,1694,1156,2293,1905,599,749,44.43257676902537,56.395193591455275,1,0.0017701168544590473,False,0.0,,0.11354446122932228,0.006905865389853716,boat
crop4_1280,16.0,5210,25749,1774,1158,2287,1670,513,512,62.37816764132553,79.84405458089668,2,0.1810186207294464,True,0.7715543056711097,0.027783241122961044,0.7715543056711097,0.027783241122961044,life_saving_appliances
crop4_1280,16.0,5211,25761,1763,1156,2276,1668,513,512,62.37816764132553,79.84405458089668,1,0.003952594008296728,False,0.0,,0.029867794701052327,0.9513753056526184,boat
crop4_1280,16.0,5212,25773,1766,1155,2279,1667,513,512,62.37816764132553,79.84405458089668,2,0.021460410207509995,True,0.755963902982793,0.021460410207509995,0.755963902982793,0.021460410207509995,life_saving_appliances
crop4_1280,16.0,5213,25785,1770,1153,2283,1665,513,512,62.37816764132553,79.84405458089668,2,0.04453735053539276,True,0.7852291799603922,0.007154200691729784,0.7852291799603922,0.007154200691729784,life_saving_appliances
crop4_1280,16.0,5214,25797,1756,1161,2252,1658,496,497,61.81086519114688,79.83903420523139,3,0.008355900645256042,False,0.3025102442514932,0.0017688971711322665,0.3025102442514932,0.0017688971711322665,life_saving_appliances
crop4_1280,16.0,5215,25809,1572,1175,2052,1655,480,480,64.0,80.0,2,0.031205326318740845,False,0.2666566650762709,0.031205326318740845,0.2666566650762709,0.031205326318740845,life_saving_appliances
crop4_1280,16.0,5216,25821,1409,1178,1906,1675,497,497,64.38631790744466,79.83903420523139,1,0.0021103143226355314,True,0.7370548932453678,0.0021103143226355314,0.7370548932453678,0.0021103143226355314,life_saving_appliances
crop4_1280,16.0,5217,25833,1413,1172,1910,1669,497,497,64.38631790744466,79.83903420523139,2,0.01380238588899374,True,0.7397397983200389,0.01380238588899374,0.7397397983200389,0.01380238588899374,life_saving_appliances
crop4_1280,16.0,5218,25845,1418,1166,1915,1663,497,497,64.38631790744466,79.83903420523139,2,0.016567746177315712,True,0.727542175545913,0.007436259649693966,0.727542175545913,0.007436259649693966,life_saving_appliances
crop4_1280,16.0,5219,25857,1443,1162,1940,1659,497,497,64.38631790744466,79.83903420523139,1,0.001630804967135191,False,0.0,,0.024505940752722572,0.04316272214055061,boat
crop4_1280,16.0,5220,25869,1518,1163,2015,1660,497,497,64.38631790744466,79.83903420523139,0,,False,0.0,,0.07227435002803695,0.008651433512568474,boat
crop4_1280,16.0,5221,25881,1636,1162,2133,1659,497,497,64.38631790744466,79.83903420523139,2,0.002362507861107588,False,0.3974915872636785,0.0013124438701197505,0.3974915872636785,0.0013124438701197505,life_saving_appliances
crop4_1280,16.0,5222,25893,1717,1150,2230,1662,513,512,62.37816764132553,79.84405458089668,1,0.0017284720670431852,False,0.0,,0.051565839178876,0.016331179067492485,jetski
crop4_1280,16.0,5223,25905,1858,1138,2371,1650,513,512,62.37816764132553,79.84405458089668,1,0.0017833079909905791,False,0.3261488323935965,0.0017833079909905791,0.3261488323935965,0.0017833079909905791,life_saving_appliances
crop4_1280,16.0,5224,25917,2038,1124,2534,1621,496,497,61.81086519114688,79.83903420523139,1,0.0017331343842670321,False,0.2611391342254122,0.0017331343842670321,0.2611391342254122,0.0017331343842670321,life_saving_appliances
crop4_1280,16.0,5225,25929,2180,1075,2693,1587,513,512,62.37816764132553,79.84405458089668,0,,False,0.0,,0.021855197523319575,0.27402880787849426,boat
crop4_1280,16.0,5226,25941,2194,989,2707,1501,513,512,62.37816764132553,79.84405458089668,0,,False,0.0,,0.019758329246513145,0.8887078762054443,boat
crop4_1280,16.0,5227,25955,2261,904,2757,1401,496,497,61.81086519114688,79.83903420523139,0,,False,0.0,,0.019624774020352155,0.9175081253051758,boat
crop4_1280,16.0,5228,25969,2352,818,2817,1283,465,465,63.311827956989255,79.82795698924731,1,0.005124268587678671,False,0.0,,0.03424542101414988,0.16110268235206604,boat
crop4_1280,16.0,5229,25983,2453,720,3085,1291,632,571,44.55696202531646,56.708860759493675,2,0.4666692316532135,False,0.0,,0.018482260983231732,0.9156150817871094,boat
crop4_1280,16.0,5230,25997,2561,591,3169,1156,608,565,46.315789473684205,56.84210526315789,2,0.0779467299580574,False,0.0,,0.018837195458131933,0.881432056427002,boat
crop4_1280,16.0,5231,26011,2674,516,3275,1030,601,514,44.72545757071547,55.37437603993344,4,0.1325000822544098,False,0.0,,0.01842480860472231,0.8960599899291992,boat
crop4_1280,16.0,5232,26023,2784,440,3383,914,599,474,42.73789649415693,53.42237061769616,3,0.4316405653953552,False,0.0,,0.01786839968797927,0.8911182880401611,boat
crop4_1280,16.0,5233,26035,2816,337,3418,786,602,449,53.156146179402,46.777408637873755,8,0.6352049708366394,False,0.0,,0.023585217067963248,0.8772200345993042,boat
crop4_1280,16.0,5234,26045,2726,221,3313,620,587,399,50.15332197614991,43.61158432708688,4,0.49225130677223206,False,0.0,,0.02028947520170809,0.7944343686103821,boat
crop4_1280,16.0,5235,26055,2583,105,2969,489,386,384,72.95336787564766,59.689119170984455,7,0.8013299703598022,False,0.2735143037108689,0.0012427611509338021,0.2735143037108689,0.0012427611509338021,life_saving_appliances
crop4_1280,16.0,5236,26064,2400,52,2785,436,385,384,69.81818181818183,59.84415584415585,10,0.7445420622825623,False,0.06788794005801368,0.0016649020835757256,0.06788794005801368,0.0016649020835757256,life_saving_appliances
