dimension,slice,variant,target_fp_per_image,threshold_selected_on_policy,images,ground_truth,true_positives,false_positives,recall,fp_per_image
source_role,calibration_source_seen,altitude,0.1,0.7531974882782179,225,1754,518,10,0.2953249714937286,0.0444444444444444
source_role,calibration_source_seen,altitude,0.25,0.6588669818981866,225,1754,642,33,0.3660205245153934,0.1466666666666666
source_role,calibration_source_seen,altitude,0.5,0.5499181426231659,225,1754,862,116,0.4914481185860889,0.5155555555555555
source_role,calibration_source_seen,altitude,1.0,0.4127592836329306,225,1754,1086,279,0.6191562143671607,1.24
source_role,calibration_source_seen,altitude_gimbal,0.1,0.8602006674576257,225,1754,495,9,0.282212086659065,0.04
source_role,calibration_source_seen,altitude_gimbal,0.25,0.7496195156080271,225,1754,540,14,0.3078677309007981,0.0622222222222222
source_role,calibration_source_seen,altitude_gimbal,0.5,0.6361019868258976,225,1754,628,26,0.3580387685290764,0.1155555555555555
source_role,calibration_source_seen,altitude_gimbal,1.0,0.5083894568276681,225,1754,873,128,0.4977194982896237,0.5688888888888889
source_role,calibration_source_seen,class_logistic,0.1,0.7493441901130184,225,1754,520,11,0.2964652223489167,0.0488888888888888
source_role,calibration_source_seen,class_logistic,0.25,0.6544880418671466,225,1754,652,35,0.3717217787913341,0.1555555555555555
source_role,calibration_source_seen,class_logistic,0.5,0.5461386452851359,225,1754,875,121,0.4988597491448118,0.5377777777777778
source_role,calibration_source_seen,class_logistic,1.0,0.4099827960831759,225,1754,1093,285,0.6231470923603193,1.2666666666666666
source_role,calibration_source_seen,full_metadata,0.1,0.8751093829330712,225,1754,489,10,0.2787913340935005,0.0444444444444444
source_role,calibration_source_seen,full_metadata,0.25,0.7743658760101133,225,1754,541,13,0.3084378563283922,0.0577777777777777
source_role,calibration_source_seen,full_metadata,0.5,0.6614888134856454,225,1754,593,24,0.3380843785632839,0.1066666666666666
source_role,calibration_source_seen,full_metadata,1.0,0.5367560073493697,225,1754,794,91,0.4526795895096921,0.4044444444444444
source_role,calibration_source_seen,global_logistic,0.1,0.7212421133598206,225,1754,522,10,0.2976054732041049,0.0444444444444444
source_role,calibration_source_seen,global_logistic,0.25,0.6397936030446776,225,1754,640,36,0.3648802736602052,0.16
source_role,calibration_source_seen,global_logistic,0.5,0.538856722456463,225,1754,850,112,0.4846066134549601,0.4977777777777777
source_role,calibration_source_seen,global_logistic,1.0,0.4119000581518251,225,1754,1060,260,0.6043329532497149,1.1555555555555554
source_role,calibration_source_seen,raw,0.1,0.7017635703086853,225,1754,522,10,0.2976054732041049,0.0444444444444444
source_role,calibration_source_seen,raw,0.25,0.6211246848106384,225,1754,640,36,0.3648802736602052,0.16
source_role,calibration_source_seen,raw,0.5,0.5229954719543457,225,1754,850,112,0.4846066134549601,0.4977777777777777
source_role,calibration_source_seen,raw,1.0,0.4013839364051819,225,1754,1060,260,0.6043329532497149,1.1555555555555554
source_role,calibrator_source_unseen,altitude,0.1,0.7531974882782179,682,4079,757,32,0.1855847021328757,0.0469208211143695
source_role,calibrator_source_unseen,altitude,0.25,0.6588669818981866,682,4079,1034,100,0.2534935033096347,0.1466275659824047
source_role,calibrator_source_unseen,altitude,0.5,0.5499181426231659,682,4079,1617,283,0.3964206913459181,0.4149560117302053
source_role,calibrator_source_unseen,altitude,1.0,0.4127592836329306,682,4079,2199,676,0.5391027212552096,0.9912023460410556
source_role,calibrator_source_unseen,altitude_gimbal,0.1,0.8602006674576257,682,4079,656,43,0.1608237313066928,0.063049853372434
source_role,calibrator_source_unseen,altitude_gimbal,0.25,0.7496195156080271,682,4079,929,122,0.2277518999754842,0.1788856304985337
source_role,calibrator_source_unseen,altitude_gimbal,0.5,0.6361019868258976,682,4079,1240,259,0.3039960774699681,0.3797653958944281
source_role,calibrator_source_unseen,altitude_gimbal,1.0,0.5083894568276681,682,4079,1695,499,0.415543025251287,0.7316715542521994
source_role,calibrator_source_unseen,class_logistic,0.1,0.7493441901130184,682,4079,763,32,0.1870556508948271,0.0469208211143695
source_role,calibrator_source_unseen,class_logistic,0.25,0.6544880418671466,682,4079,1046,104,0.2564354008335376,0.1524926686217008
source_role,calibrator_source_unseen,class_logistic,0.5,0.5461386452851359,682,4079,1627,289,0.3988722726158372,0.4237536656891496
source_role,calibrator_source_unseen,class_logistic,1.0,0.4099827960831759,682,4079,2203,682,0.5400833537631773,1.0
source_role,calibrator_source_unseen,full_metadata,0.1,0.8751093829330712,682,4079,724,78,0.1774944839421426,0.1143695014662756
source_role,calibrator_source_unseen,full_metadata,0.25,0.7743658760101133,682,4079,971,172,0.2380485413091444,0.252199413489736
source_role,calibrator_source_unseen,full_metadata,0.5,0.6614888134856454,682,4079,1252,330,0.306937974993871,0.4838709677419355
source_role,calibrator_source_unseen,full_metadata,1.0,0.5367560073493697,682,4079,1594,553,0.3907820544251042,0.8108504398826979
source_role,calibrator_source_unseen,global_logistic,0.1,0.7212421133598206,682,4079,810,32,0.1985780828634469,0.0469208211143695
source_role,calibrator_source_unseen,global_logistic,0.25,0.6397936030446776,682,4079,1084,107,0.2657514096592302,0.156891495601173
source_role,calibrator_source_unseen,global_logistic,0.5,0.538856722456463,682,4079,1658,281,0.4064721745525864,0.4120234604105572
source_role,calibrator_source_unseen,global_logistic,1.0,0.4119000581518251,682,4079,2265,661,0.5552831576366757,0.969208211143695
source_role,calibrator_source_unseen,raw,0.1,0.7017635703086853,682,4079,810,32,0.1985780828634469,0.0469208211143695
source_role,calibrator_source_unseen,raw,0.25,0.6211246848106384,682,4079,1084,107,0.2657514096592302,0.156891495601173
source_role,calibrator_source_unseen,raw,0.5,0.5229954719543457,682,4079,1658,281,0.4064721745525864,0.4120234604105572
source_role,calibrator_source_unseen,raw,1.0,0.4013839364051819,682,4079,2265,661,0.5552831576366757,0.969208211143695
source_role,policy_source_seen,altitude,0.1,0.7531974882782179,186,1049,179,2,0.1706387035271687,0.010752688172043
source_role,policy_source_seen,altitude,0.25,0.6588669818981866,186,1049,196,15,0.1868446139180171,0.0806451612903225
source_role,policy_source_seen,altitude,0.5,0.5499181426231659,186,1049,269,66,0.2564346997140133,0.3548387096774194
source_role,policy_source_seen,altitude,1.0,0.4127592836329306,186,1049,363,192,0.3460438512869399,1.032258064516129
source_role,policy_source_seen,altitude_gimbal,0.1,0.8602006674576257,186,1049,176,5,0.1677788369876072,0.0268817204301075
source_role,policy_source_seen,altitude_gimbal,0.25,0.7496195156080271,186,1049,222,15,0.21163012392755,0.0806451612903225
source_role,policy_source_seen,altitude_gimbal,0.5,0.6361019868258976,186,1049,249,56,0.2373689227836034,0.3010752688172043
source_role,policy_source_seen,altitude_gimbal,1.0,0.5083894568276681,186,1049,321,155,0.3060057197330791,0.8333333333333334
source_role,policy_source_seen,class_logistic,0.1,0.7493441901130184,186,1049,179,2,0.1706387035271687,0.010752688172043
source_role,policy_source_seen,class_logistic,0.25,0.6544880418671466,186,1049,196,17,0.1868446139180171,0.0913978494623656
source_role,policy_source_seen,class_logistic,0.5,0.5461386452851359,186,1049,269,68,0.2564346997140133,0.3655913978494624
source_role,policy_source_seen,class_logistic,1.0,0.4099827960831759,186,1049,365,191,0.3479504289799809,1.0268817204301075
source_role,policy_source_seen,full_metadata,0.1,0.8751093829330712,186,1049,177,2,0.1687321258341277,0.010752688172043
source_role,policy_source_seen,full_metadata,0.25,0.7743658760101133,186,1049,219,10,0.2087702573879885,0.053763440860215
source_role,policy_source_seen,full_metadata,0.5,0.6614888134856454,186,1049,252,37,0.2402287893231649,0.1989247311827957
source_role,policy_source_seen,full_metadata,1.0,0.5367560073493697,186,1049,307,139,0.2926596758817922,0.7473118279569892
source_role,policy_source_seen,global_logistic,0.1,0.7212421133598206,186,1049,229,4,0.2183031458531935,0.021505376344086
source_role,policy_source_seen,global_logistic,0.25,0.6397936030446776,186,1049,245,19,0.2335557673975214,0.1021505376344086
source_role,policy_source_seen,global_logistic,0.5,0.538856722456463,186,1049,295,69,0.2812202097235462,0.3709677419354839
source_role,policy_source_seen,global_logistic,1.0,0.4119000581518251,186,1049,402,189,0.3832221163012392,1.0161290322580645
source_role,policy_source_seen,raw,0.1,0.7017635703086853,186,1049,229,4,0.2183031458531935,0.021505376344086
source_role,policy_source_seen,raw,0.25,0.6211246848106384,186,1049,245,19,0.2335557673975214,0.1021505376344086
source_role,policy_source_seen,raw,0.5,0.5229954719543457,186,1049,295,69,0.2812202097235462,0.3709677419354839
source_role,policy_source_seen,raw,1.0,0.4013839364051819,186,1049,402,189,0.3832221163012392,1.0161290322580645
